Time,DeltaT,BlockStatus,MessageType,Bus,Rx_Cmd,Tx_Cmd,Tx_Status,Data,Rx_Status,BSW_err_str
01:00:00:37:956018,0,0,A?B,A,11AB -->R 01-A-B 01-C 8,,,0X0  0X0  0X0  0X0  0X0  0X0  0X0  0X0  0X0  0X0  0X0  0X0  0X0  0X0  0X0  0X0  0X0  0X0  0X0  0X0  0X0  0X27ff  0X0  0X0  0X0  0X0  0X0  0X0  0X0  0X0  0X0  0X11bd,,No response in TX status
01:00:00:37:957678,0,0,A?B,A,,1A01 -->R 01-A-B 01-C 01,100,0X0  0X67bc  0Xb22e  0Xf251  0Xe9eb  0X90a6  0X75b2  0X0  0Xd699  0X0  0X1c3  0Xe5d  0Xd2df  0Xb173  0X0  0X84d4  0X9ac6  0Xcaa0  0X35c  0X6ed7  0X9e61  0X4204  0X6e83  0X5d44  0X53b8  0X0  0X3180  0X4a47  0X80c  0Xa091  0X8fff  0X6d00,,
01:00:00:37:959112,0,0,A?B,A,,1A01 -->R 01-A-B 01-C 01,100,0X6f8b  0X442b  0Xde1c  0X0  0X6bba  0X6cc5  0Xddee  0X76b9  0X8c2a  0Xbb6  0Xc61  0X70d9  0X3c93  0X0  0Xb9a7  0X2503  0X4376  0Xc431  0X0  0X0  0X9e61  0X4204  0X68b4  0Xe10e  0X5101  0Xfd67  0X3180  0Xeff9  0X80d  0X294e  0X8fff  0Xc8ce,,
01:00:00:37:959822,0,0,A?B,A,12BC -->R 01-A-B 01-C 8,,,0X0  0X0  0X0  0X0  0X0  0X0  0X0  0X0  0X0  0X0  0X0  0X0  0X0  0X0  0X0  0X0  0X0  0X0  0X0  0X0  0X0  0X27ff  0X0  0X0  0X0  0X0  0X0  0X0  0X0  0X0  0X0  0X11bd,,No response in TX status
01:00:00:37:961582,0,0,A?B,A,,1A01 -->R 01-A-B 01-C 01,100,0X0  0X5fc9  0Xaa79  0X5e7c  0X914a  0X7d9b  0X6783  0Xb06e  0X2cfd  0Xb711  0Xbb14  0Xfb95  0X5ea3  0Xfa88  0Xcab2  0X279a  0X9d1f  0X3d34  0Xe17d  0X307e  0X9e61  0X4204  0Xc622  0X34b  0X32c0  0Xc4a0  0X3180  0X0  0X80e  0X2c78  0X8fff  0X0,,
01:00:00:37:964082,0,0,A?B,A,,1A01 -->R 01-A-B 01-C 01,100,0X5fba  0Xd880  0X0  0X1ec7  0X0  0X4324  0X6c42  0X66f5  0X0  0Xf9ea  0Xe1a0  0X7ecc  0X0  0X0  0X9c1e  0X0  0X6548  0X0  0X0  0X0  0X9e61  0X4204  0X2c7b  0X0  0X0  0X2eb0  0X3180  0X0  0X80f  0X341e  0X8fff  0Xa59,,
01:00:00:37:964792,0,0,A?B,A,,2B02 -->R 02-A-B 02-C 02,,0X0,,No response in TX status
01:00:00:37:966588,0,0,A?B,A,,1A01 -->R 01-A-B 01-C 01,100,0X0  0Xbcd2  0X0  0X46  0X461f  0X550  0X2a92  0X14f3  0X3612  0X229f  0Xc15b  0X0  0X9a12  0X1e39  0X0  0Xd6e6  0X2eeb  0X774f  0X3f0d  0X0  0X9e61  0X4204  0X661a  0X632f  0X306a  0Xd2c6  0X3180  0X2701  0X810  0X1794  0X8fff  0X2823,,
01:00:00:37:967298,0,0,A?B,A,,3C03 -->R 03-A-B 03-C 03,,0X0,,No response in TX status
01:00:00:37:969086,0,0,A?B,A,,1A01 -->R 01-A-B 01-C 01,100,0X322c  0X4764  0X0  0X7127  0X1947  0Xdb4  0X0  0Xab8b  0X7f1b  0Xec9e  0X652e  0X1740  0X12df  0X5196  0Xbc3  0X0  0X3033  0X6159  0X7e3d  0X4c37  0X9e61  0X4204  0Xd97d  0X0  0X555  0Xcc8c  0X3180  0X0  0X811  0X3f0f  0X8fff  0X27af,,
01:00:00:37:969796,0,0,A?B,A,,4D04 -->R 04-A-B 04-C 04,a000,0X0  0X0  0X0  0X0  0X0  0X0  0X0  0X0  0X0  0X0  0X0  0X0  0X0  0X0  0X0  0X0  0X0  0X0  0X0  0X0  0X0  0X27ff  0X0  0X0  0X0  0X0  0X0  0X0  0X0  0X0  0X0  0X11bd,,
01:00:00:37:970506,0,0,A?B,A,,5D05 -->R 05-A-B 05-C 05,,0Xda,,No response in TX status
01:00:00:37:971626,0,0,A?B,A,,1A01 -->R 01-A-B 01-C 01,100,0X0  0Xe2a3  0Xb398  0X0  0X32d3  0X60ab  0X0  0X0  0X4256  0Xc8bc  0X0  0X0  0Xa56b  0Xea0a  0Xb69  0Xb9ec  0X5bc8  0Xbdfc  0X1e7f  0Xd7ca  0X9e61  0X4204  0X4b24  0X525e  0X7d4e  0X82c4  0X3180  0Xa332  0X812  0X2090  0X8fff  0X0,,
01:00:00:37:972336,0,0,A?B,A,,6F06 -->R 06-A-B 06-C 06,100,0X4c6f  0X0  0Xe7f7  0X0  0X0  0X0  0X0  0X0  0X49e4  0Xbb23  0X2ea2  0X9bd4  0X6932  0X0  0Xf539  0Xbc49  0X19aa  0Xcf0d  0X187b  0X1ab9  0X0  0Xe1ba  0X2713  0X8b14  0X5c84  0Xfce5  0Xc87d  0Xdd75  0X0  0X0  0X0  0X0,,
01:00:00:37:973046,0,0,A?B,A,,7F07 -->R 07-A-B 07-C 07,,0X0,,No response in TX status
01:00:00:37:974106,0,0,A?B,A,,1A01 -->R 01-A-B 01-C 01,100,0X7f0f  0Xad2  0X559a  0X85d4  0Xb53b  0Xbef  0Xb60e  0X42a2  0X0  0X4c9e  0X0  0X0  0X85fb  0X8ce2  0X988f  0Xa595  0X4e35  0X331b  0X405b  0X0  0X9e61  0X4204  0Xada2  0X7ffe  0X4316  0Xf260  0X3180  0X7cff  0X813  0Xdf  0X8fff  0X0,,
01:00:00:37:974816,0,0,A?B,A,,8A08 -->R 08-A-B 08-C 08,,0Xffba,,No response in TX status
01:00:00:37:976586,0,0,A?B,A,,1A01 -->R 01-A-B 01-C 01,100,0Xa0bd  0Xb357  0Xaea7  0Xa25d  0X706f  0X0  0X21a  0X0  0Xb307  0X0  0X43eb  0X979b  0Xf92b  0X0  0X8c55  0X0  0X64c8  0X0  0X42e8  0Xbf17  0X9e61  0X4204  0Xac9e  0X0  0X0  0Xb449  0X3180  0Xae  0X814  0Xff19  0X8fff  0X2a2e,,
01:00:00:37:979100,0,0,A?B,A,,1A01 -->R 01-A-B 01-C 01,100,0X0  0X7650  0X6953  0X9a9  0X2424  0Xdf44  0X11ff  0X35aa  0Xfe31  0Xca13  0X8f90  0X0  0Xdaaf  0X846e  0Xa7c8  0Xecde  0Xc6e7  0Xd53a  0X73b5  0X0  0X9e61  0X4204  0X48c8  0Xe87a  0X0  0X6410  0X3180  0Xfc69  0X815  0X927  0X8fff  0Xcd6b,,
01:00:00:37:979810,0,0,A?B,A,12BC -->R 01-A-B 01-C 8,,,0X0  0X0  0X0  0X0  0X0  0X0  0X0  0X0  0X0  0X0  0X0  0X0  0X0  0X0  0X0  0X0  0X0  0X0  0X0  0X0  0X0  0X27ff  0X0  0X0  0X0  0X0  0X0  0X0  0X0  0X0  0X0  0X11bd,,No response in TX status
01:00:00:37:981580,0,0,A?B,A,,1A01 -->R 01-A-B 01-C 01,100,0X5439  0X5f24  0Xa6dd  0X8a7c  0X1232  0X0  0X9222  0X3fa9  0Xdc11  0Xaf0c  0X0  0X1d35  0X5b65  0X663f  0X0  0X34dd  0X2220  0Xa660  0Xcd3b  0X9c71  0X9e61  0X4204  0X0  0X0  0Xe43d  0X7576  0X3180  0X0  0X816  0X5bba  0X8fff  0X2957,,
01:00:00:37:984082,0,0,A?B,A,,1A01 -->R 01-A-B 01-C 01,100,0X1f90  0X3d5  0X0  0X1162  0X1fdb  0Xded3  0X401a  0Xb3e3  0X820e  0X0  0X6c77  0X0  0Xa059  0Xc26f  0X0  0Xa1f6  0X0  0X0  0X0  0X516  0X9e61  0X4204  0Xe7ad  0X413f  0X0  0Xd59f  0X3180  0X713c  0X817  0X595e  0X8fff  0Xf944,,
01:00:00:37:984792,0,0,A?B,A,,2B02 -->R 02-A-B 02-C 02,,0X0,,No response in TX status
01:00:00:37:986584,0,0,A?B,A,,1A01 -->R 01-A-B 01-C 01,100,0Xb328  0X0  0X8c92  0X0  0X0  0X0  0Xb90b  0Xdd53  0X6fb3  0X0  0X7576  0X0  0Xe2e4  0X8fb3  0X433b  0X547b  0Xd99f  0Xa3b5  0X1c2  0X60ad  0X9e61  0X4204  0X0  0Xeb69  0Xe2b5  0Xff53  0X3180  0X87d6  0X818  0X0  0X8fff  0X6bbe,,
01:00:00:37:987294,0,0,A?B,A,,3C03 -->R 03-A-B 03-C 03,,0Xb05d,,No response in TX status
01:00:00:37:989088,0,0,A?B,A,,1A01 -->R 01-A-B 01-C 01,100,0X4603  0X3d38  0X901b  0X737d  0X56bd  0X80aa  0X279e  0X4923  0Xc428  0X442e  0X64b3  0X0  0X70be  0Xfad7  0X260c  0X0  0X1cb6  0X0  0X5bf7  0X7814  0X9e61  0X4204  0X2166  0X0  0X1c42  0X52fc  0X3180  0X3588  0X819  0Xcbc  0X8fff  0Xe0f5,,
01:00:00:37:989798,0,0,A?B,A,,4D04 -->R 04-A-B 04-C 04,a000,0Xdb  0X59ff  0X5aff  0X8a6c  0X8839  0Xc88  0X582e  0Xc79  0Xfd47  0X12c  0X12c  0Xadf9  0X0  0X0  0X0  0Xdb02  0X0  0X9eaa  0Xd2ff  0Xc4e2  0Xeb91  0X81a5  0X4  0X0  0X0  0X9d35  0Xa436  0X1  0X0  0Xeb7b  0Xaa0b  0Xb5ae,,
01:00:00:37:990508,0,0,A?B,A,,5D05 -->R 05-A-B 05-C 05,,0Xdb,,No response in TX status
01:00:00:37:991624,0,0,A?B,A,,1A01 -->R 01-A-B 01-C 01,100,0Xb77e  0X620c  0X0  0X0  0X25eb  0Xef35  0X771f  0X7b57  0X0  0X4985  0Xb444  0X1cb3  0X6b98  0X0  0X2985  0Xfb97  0X2800  0X0  0Xab4  0X0  0X9e61  0X4204  0X6799  0Xc6f3  0Xba46  0X6fc3  0X3180  0Xd2ca  0X81a  0X0  0X8fff  0X0,,
01:00:00:37:992334,0,0,A?B,A,,9B01 -->R 09-A-B 09-C 01,100,0X55f3  0X2917  0X0  0Xcf07  0X5aca  0X50a9  0X201f  0X0  0Xb0f8  0X2bf7  0X0  0Xb2fe  0Xfc48  0X9375  0Xfad9  0Xcc37  0X0  0X0  0Xf19d  0Xe2c5  0X0  0Xb3f7  0X0  0Xe872  0X0  0X0  0X0  0X5621  0X25ae  0X10d2  0Xbe0e  0X7e20,,
01:00:00:37:993044,0,0,A?B,A,,7F07 -->R 07-A-B 07-C 07,,0X0,,No response in TX status
01:00:00:37:994106,0,0,A?B,A,,1A01 -->R 01-A-B 01-C 01,100,0X0  0X0  0X51d8  0X1bcf  0X34d0  0X0  0X0  0X2462  0X0  0Xd8f6  0X7d1c  0Xcdea  0X0  0Xe5f8  0Xed73  0X4205  0X8b47  0X7c5e  0Xd891  0Xca7b  0X9e61  0X4204  0X5136  0X1426  0Xad8c  0X12b4  0X3180  0Xefd7  0X81b  0Xc9  0X8fff  0Xe69b,,
01:00:00:37:994816,0,0,A?B,A,,8A08 -->R 08-A-B 08-C 08,,0X483a,,No response in TX status
01:00:00:37:996584,0,0,A?B,A,,1A01 -->R 01-A-B 01-C 01,100,0X0  0Xfcf0  0X4dc8  0X0  0X0  0X3643  0X8adb  0X62f4  0Xc5a8  0X4bfc  0X8224  0X4713  0Xc951  0X6e94  0Xeb63  0X283d  0Xa119  0X0  0X917c  0X0  0X9e61  0X4204  0Xdce5  0X4321  0X0  0X8321  0X3180  0X8472  0X81c  0Xd52  0X8fff  0Xffc,,
01:00:00:37:999104,0,0,A?B,A,,1A01 -->R 01-A-B 01-C 01,100,0Xa303  0X0  0X0  0X0  0X991f  0X0  0X6839  0X98f9  0X708b  0X0  0Xc7f0  0X0  0X0  0X6257  0X54f  0X4e3e  0X756d  0X0  0Xc70b  0Xac35  0X9e61  0X4204  0X17e  0Xd982  0X0  0X6d6b  0X3180  0X6290  0X81d  0X5ab  0X8fff  0Xcf6a,,
01:00:00:37:999814,0,0,A?B,A,12BC -->R 01-A-B 01-C 8,,,0X0  0X0  0X0  0X0  0X0  0X0  0X0  0X0  0X0  0X0  0X0  0X0  0X0  0X0  0X0  0X0  0X0  0X0  0X0  0X0  0X0  0X27ff  0X0  0X0  0X0  0X0  0X0  0X0  0X0  0X0  0X0  0X11bd,,No response in TX status
01:00:00:37:1580,0,0,A?B,A,,1A01 -->R 01-A-B 01-C 01,100,0X9827  0X204  0X7642  0X9b9d  0Xf999  0Xe1b1  0X0  0X0  0Xb94  0X0  0X5196  0X475e  0X9443  0X3662  0X0  0X894d  0X0  0Xf38a  0X7a27  0Xa632  0X9e61  0X4204  0X3bb9  0Xa766  0X73fc  0X0  0X3180  0Xc02  0X81e  0X711  0X8fff  0Xe7f7,,
01:00:00:37:4080,0,0,A?B,A,,1A01 -->R 01-A-B 01-C 01,100,0Xac12  0X84d5  0X0  0X148b  0X3ec5  0Xc9c1  0Xdab7  0X81ec  0Xe97d  0X575  0Xe838  0X90f0  0X0  0X46a3  0X6f7a  0Xbe84  0X9783  0X7159  0Xf22a  0X4daa  0X9e61  0X4204  0X9cda  0Xc8af  0X0  0X9650  0X3180  0X0  0X81f  0Xea09  0X8fff  0Xd634,,
01:00:00:37:4790,0,0,A?B,A,,2B02 -->R 02-A-B 02-C 02,,0X28e2,,No response in TX status
01:00:00:37:6588,0,0,A?B,A,,1A01 -->R 01-A-B 01-C 01,100,0X0  0Xf2ca  0Xd8f4  0X2dfb  0X8281  0X623d  0X32c1  0Xc3c  0X0  0X4067  0Xb23d  0Xb33b  0Xe9f1  0X0  0X5fc4  0Xe238  0Xdbb  0Xbf7f  0X6a89  0X0  0X9e61  0X4204  0X0  0X3349  0X8b5d  0X21b8  0X3180  0X8205  0X800  0X20ee  0X8fff  0X465e,,
01:00:00:37:7298,0,0,A?B,A,,3C03 -->R 03-A-B 03-C 03,,0X14c2,,No response in TX status
01:00:00:37:9088,0,0,A?B,A,,1A01 -->R 01-A-B 01-C 01,100,0X0  0X0  0X4ed8  0Xa50e  0Xac4a  0X0  0Xc928  0Xede6  0Xf6eb  0Xa321  0Xd775  0X78d2  0Xca6e  0Xb8a8  0X508  0X23b8  0X383c  0X4744  0X1db9  0X5b9c  0X9e61  0X4204  0X253b  0Xb168  0Xf023  0X28c2  0X3180  0Xc382  0X801  0X2013  0X8fff  0Xbe04,,
01:00:00:37:9798,0,0,A?B,A,,4D04 -->R 04-A-B 04-C 04,a000,0Xdc  0X59ff  0X5aff  0X8a6c  0X8839  0Xc88  0X1243  0Xc79  0Xf952  0X12c  0X12c  0X8bea  0X0  0X3cef  0X944f  0X638e  0X0  0Xab22  0X0  0X8ff8  0Xb795  0X602a  0X4  0Xfcc  0Xe405  0Xb210  0X0  0X1  0X0  0X0  0Xaa0b  0X2264,,
01:00:00:37:10508,0,0,A?B,A,,5D05 -->R 05-A-B 05-C 05,,0Xdc,,No response in TX status
01:00:00:37:11626,0,0,A?B,A,,1A01 -->R 01-A-B 01-C 01,100,0X157c  0Xd3a4  0Xd106  0X6601  0X612d  0X0  0X645  0X0  0X0  0X0  0X8f1e  0X3beb  0Xbee1  0X74dd  0Xb8b9  0X0  0X3fe7  0X4df5  0X3be1  0X0  0X9e61  0X4204  0X0  0X0  0X3953  0Xaafb  0X3180  0Xbb55  0X802  0X2021  0X8fff  0X0,,
01:00:00:37:12336,0,0,A?B,A,,6F06 -->R 06-A-B 06-C 06,100,0Xb97d  0X0  0X0  0X1b3d  0Xd050  0X4223  0X0  0Xe9f9  0X2497  0X0  0X0  0Xb523  0X0  0X1750  0Xb761  0X0  0X264e  0X6526  0X8205  0Xa71  0X4e00  0Xff62  0X8ebe  0Xeab8  0Xfbe6  0X5c0d  0Xf63c  0X1543  0X45c8  0Xdbc7  0Xfef  0Xc7d8,,
01:00:00:37:13046,0,0,A?B,A,,7F07 -->R 07-A-B 07-C 07,,0X7fb7,,No response in TX status
01:00:00:37:14106,0,0,A?B,A,,1A01 -->R 01-A-B 01-C 01,100,0Xc07e  0X0  0X0  0X2a4a  0X9855  0Xef79  0X6c96  0X4319  0X0  0Xe894  0X0  0X6e9e  0Xbe96  0X7fff  0Xeae0  0X146b  0X0  0Xfd10  0Xbbd7  0X6d8e  0X9e61  0X4204  0Xe6e4  0X4e55  0X40af  0X7708  0X3180  0X882  0X803  0X1bf  0X8fff  0Xda80,,
01:00:00:37:14816,0,0,A?B,A,,8A08 -->R 08-A-B 08-C 08,,0X70f4,,No response in TX status
01:00:00:37:16584,0,0,A?B,A,,1A01 -->R 01-A-B 01-C 01,100,0X0  0X70b1  0X0  0X0  0X9a82  0X0  0X97b4  0X4e01  0X9762  0X5a1a  0Xed97  0X845c  0X4f1c  0Xd556  0Xec5  0X77ac  0X174  0X740  0X7f91  0X0  0X9e61  0X4204  0X4d5  0X75cc  0X8d3f  0X0  0X3180  0X0  0X804  0X13f  0X8fff  0X0,,
01:00:00:37:19102,0,0,A?B,A,,1A01 -->R 01-A-B 01-C 01,100,0Xdf9  0X53dc  0Xb3a  0X1b7a  0X5f2d  0X1901  0X49b2  0X0  0X8eea  0X0  0X14d4  0Xd6a9  0Xab37  0X1821  0X6ac9  0X4d3b  0Xa86f  0Xc595  0X0  0X8d21  0X9e61  0X4204  0X0  0X0  0X0  0X39fb  0X3180  0Xdade  0X805  0X15b  0X8fff  0X0,,
01:00:00:37:19812,0,0,A?B,A,12BC -->R 01-A-B 01-C 8,,,0X0  0X0  0X0  0X0  0X0  0X0  0X0  0X0  0X0  0X0  0X0  0X0  0X0  0X0  0X0  0X0  0X0  0X0  0X0  0X0  0X0  0X27ff  0X0  0X0  0X0  0X0  0X0  0X0  0X0  0X0  0X0  0X11bd,,No response in TX status
01:00:00:37:21582,0,0,A?B,A,,1A01 -->R 01-A-B 01-C 01,100,0X46d3  0X16ea  0Xc5dc  0X8b7a  0X96fa  0Xcec8  0Xdcf8  0Xd430  0X9387  0X92  0X71a9  0X173e  0X0  0X0  0X75b7  0X746  0X435b  0X0  0X30d0  0X0  0X9e61  0X4204  0X0  0Xdb7e  0X17a1  0X1562  0X3180  0X0  0X806  0X42ff  0X8fff  0X7572,,
01:00:00:37:24082,0,0,A?B,A,,1A01 -->R 01-A-B 01-C 01,100,0X0  0X7004  0X0  0X13e6  0X7cc4  0X6cba  0Xae80  0X8326  0Xf7fa  0X0  0X0  0X9143  0X0  0Xefb7  0X8e5e  0X5675  0Xd545  0X658d  0X0  0X0  0X9e61  0X4204  0Xc2a1  0X2b06  0X3cf2  0Xcd  0X3180  0Xd575  0X807  0Xbd19  0X8fff  0X6805,,
01:00:00:37:24792,0,0,A?B,A,,2B02 -->R 02-A-B 02-C 02,,0Xe22,,No response in TX status
01:00:00:37:26586,0,0,A?B,A,,1A01 -->R 01-A-B 01-C 01,100,0X0  0X4d15  0X8147  0X13e7  0X0  0Xd023  0Xa8b1  0X8760  0X0  0X9a39  0X868a  0X5382  0X5ded  0X4a06  0X1634  0Xeb6f  0X517c  0X0  0X8441  0Xef81  0X9e61  0X4204  0X51  0X0  0X7842  0X26f5  0X3180  0X9481  0X808  0X1e18  0X8fff  0X7752,,
01:00:00:37:27296,0,0,A?B,A,,3C03 -->R 03-A-B 03-C 03,,0X69c1,,No response in TX status
01:00:00:37:29088,0,0,A?B,A,,1A01 -->R 01-A-B 01-C 01,100,0X0  0X72a4  0Xc60c  0X0  0X0  0X14c2  0X75f6  0X0  0X0  0X0  0X0  0X5fca  0X6970  0X46c3  0X0  0X5e8f  0X809a  0Xba36  0X729a  0X25c2  0X9e61  0X4204  0X0  0Xfd96  0X0  0X1bcb  0X3180  0X0  0X809  0X1dc5  0X8fff  0X12ff,,
01:00:00:37:29798,0,0,A?B,A,,4D04 -->R 04-A-B 04-C 04,a000,0Xdd  0X59ff  0X5aff  0X792f  0X83bc  0Xc1e  0X0  0Xc69  0X0  0X12c  0X12c  0X2d57  0X0  0X5820  0X1973  0X418b  0Xf6ed  0X3283  0X4b0d  0Xe216  0Xde2f  0X297e  0X4  0Xbfc3  0Xec0d  0X2cdf  0X5875  0X1  0X5304  0Xf901  0Xaa0b  0X534a,,
01:00:00:37:30508,0,0,A?B,A,,5D05 -->R 05-A-B 05-C 05,,0Xdd,,No response in TX status
01:00:00:37:31626,0,0,A?B,A,,1A01 -->R 01-A-B 01-C 01,100,0X594  0X0  0X0  0X8c37  0X0  0X49d9  0X3295  0Xebc5  0Xb8d  0X764d  0X7bac  0X0  0X9310  0X69a4  0X88f5  0X1dc8  0Xfa3  0X0  0X0  0X9e35  0X9e61  0X4204  0X2c2c  0X68df  0X0  0X0  0X3180  0X5345  0X80a  0X1e61  0X8fff  0X790c,,
01:00:00:37:32336,0,0,A?B,A,,10A1 -->R 01-A-B 01-C 01,100,0X2441  0X8e94  0X73d7  0X43bf  0X0  0X0  0Xa74d  0X0  0X0  0X83ec  0X69f3  0X0  0X0  0X5297  0X356c  0X4fc9  0X3a13  0X0  0X4eab  0X6bb7  0X79f8  0X0  0Xb51f  0X0  0X5804  0X314b  0X0  0X0  0X0  0Xf537  0X2697  0X7f10,,
01:00:00:37:33046,0,0,A?B,A,,7F07 -->R 07-A-B 07-C 07,,0X8697,,No response in TX status
01:00:00:37:34106,0,0,A?B,A,,1A01 -->R 01-A-B 01-C 01,100,0X0  0X5c06  0X858b  0X41b1  0X0  0X0  0Xd1d3  0Xa41c  0X3f8d  0X9017  0X2749  0X7f40  0Xe6f3  0X6add  0X0  0Xf84a  0X0  0X42f6  0X95f2  0Xa896  0X9e61  0X4204  0Xf63d  0Xab26  0X68c0  0X5f3f  0X3180  0Xc698  0X80b  0X5fcd  0X8fff  0Xb4c9,,
01:00:00:37:34816,0,0,A?B,A,,8A08 -->R 08-A-B 08-C 08,,0X0,,No response in TX status
01:00:00:37:36586,0,0,A?B,A,,1A01 -->R 01-A-B 01-C 01,100,0X26ab  0X0  0Xf156  0Xfdc7  0X78ea  0X0  0X20f6  0X6621  0X0  0Xd94e  0Xbbec  0Xc2a2  0X2066  0Xaf84  0X0  0X1623  0Xa6cd  0Xef42  0Xe394  0X56af  0X9e61  0X4204  0X0  0X73dd  0X8d24  0X0  0X3180  0Xac9  0X80c  0Xa091  0X8fff  0X65f4,,
01:00:00:37:39102,0,0,A?B,A,,1A01 -->R 01-A-B 01-C 01,100,0X7eba  0X0  0X3012  0Xad22  0Xba19  0X51e0  0X709f  0Xbca5  0X42a6  0Xd4a9  0X0  0X0  0X0  0X0  0X7e99  0Xf7dd  0Xc27d  0Xc5  0Xacf3  0X4173  0X9e61  0X4204  0X71cb  0X0  0X0  0X130c  0X3180  0X5211  0X80d  0X294e  0X8fff  0X0,,
01:00:00:37:39812,0,0,A?B,A,12BC -->R 01-A-B 01-C 8,,,0X0  0X0  0X0  0X0  0X0  0X0  0X0  0X0  0X0  0X0  0X0  0X0  0X0  0X0  0X0  0X0  0X0  0X0  0X0  0X0  0X0  0X27ff  0X0  0X0  0X0  0X0  0X0  0X0  0X0  0X0  0X0  0X11bd,,No response in TX status
01:00:00:37:41580,0,0,A?B,A,,1A01 -->R 01-A-B 01-C 01,100,0X2dda  0X4cfd  0X0  0X0  0Xdc5c  0X0  0X0  0Xa3f8  0X2ab8  0X0  0X91e8  0X94af  0X206  0Xfb2b  0X0  0X36ed  0X0  0X0  0X4205  0X3a9c  0X9e61  0X4204  0X0  0X4aef  0Xe8c2  0X4a51  0X3180  0Xacf5  0X80e  0X2c78  0X8fff  0X0,,
01:00:00:37:44082,0,0,A?B,A,,1A01 -->R 01-A-B 01-C 01,100,0X699a  0X8f71  0X26cd  0X0  0X7fe6  0X4f35  0X1476  0X0  0X0  0X0  0X691b  0Xd232  0X7661  0X0  0X749  0X0  0X8c93  0X6433  0Xb077  0Xe098  0X9e61  0X4204  0X623e  0X64fc  0X0  0X1506  0X3180  0Xa347  0X80f  0X341e  0X8fff  0X4ae1,,
01:00:00:37:44792,0,0,A?B,A,,2B02 -->R 02-A-B 02-C 02,,0X5af8,,No response in TX status
01:00:00:37:46586,0,0,A?B,A,,1A01 -->R 01-A-B 01-C 01,100,0X0  0X4a5a  0X202a  0X2ea6  0X0  0X0  0X0  0X3608  0X0  0Xd61c  0X4115  0X0  0X7185  0X0  0X0  0X0  0X0  0Xcdd5  0X7c35  0Xaa93  0X9e61  0X4204  0Xc28b  0Xabbc  0X22da  0Xb047  0X3180  0X431  0X810  0X1794  0X8fff  0X8475,,
01:00:00:37:47296,0,0,A?B,A,,3C03 -->R 03-A-B 03-C 03,,0Xbc5e,,No response in TX status
01:00:00:37:49088,0,0,A?B,A,,1A01 -->R 01-A-B 01-C 01,100,0Xdb3f  0X0  0X4ed3  0Xfed0  0Xf838  0X1970  0X0  0Xf42f  0Xc6c3  0X2519  0X0  0X90b  0X0  0Xa1b5  0X7936  0Xd345  0X0  0Xddbd  0X3623  0X0  0X9e61  0X4204  0X8b24  0X0  0X9c11  0X0  0X3180  0Xfd73  0X811  0X3f0f  0X8fff  0X0,,
01:00:00:37:49798,0,0,A?B,A,,4D04 -->R 04-A-B 04-C 04,a000,0Xde  0X59ff  0X5aff  0X8795  0X7cf4  0Xcb2  0X7e6a  0Xc79  0X4232  0X12c  0X12c  0X2723  0Xbeec  0X88db  0Xe542  0X4868  0Xc90b  0Xb073  0X2268  0X4edb  0X0  0X66df  0X4  0X63f9  0X0  0X9acd  0Xb61b  0X1  0X6dcc  0Xc1a3  0Xaa0b  0X513f,,
01:00:00:37:50508,0,0,A?B,A,,5D05 -->R 05-A-B 05-C 05,,0Xde,,No response in TX status
01:00:00:37:51624,0,0,A?B,A,,1A01 -->R 01-A-B 01-C 01,100,0Xc508  0X0  0Xf19e  0X0  0Xb4c0  0Xcd86  0X31d8  0X2f25  0X0  0X11b5  0X342a  0X59e8  0X0  0X346d  0X173e  0X0  0Xd4ed  0X0  0Xc83e  0Xfdb6  0X9e61  0X4204  0X0  0Xa348  0Xb9e2  0Xe7e2  0X3180  0X4eee  0X812  0X2090  0X8fff  0Xc710,,
01:00:00:37:52334,0,0,A?B,A,,6F06 -->R 06-A-B 06-C 06,100,0X5e1  0Xa662  0X748f  0X5296  0X0  0Xf328  0X13ae  0X5bbc  0X4b7b  0X0  0X94fb  0Xf66e  0X1637  0Xb158  0Xd152  0X357b  0X0  0X97d2  0Xe4d3  0X245b  0Xdcc5  0X901f  0Xe4e5  0Xe30a  0X2606  0Xe445  0X7664  0X3608  0X8806  0X0  0X0  0X9233,,
01:00:00:37:53044,0,0,A?B,A,,7F07 -->R 07-A-B 07-C 07,,0X2b3c,,No response in TX status
01:00:00:37:54106,0,0,A?B,A,,1A01 -->R 01-A-B 01-C 01,100,0X1130  0Xbf46  0X5af9  0X1fdc  0X461e  0Xdd60  0X0  0X0  0Xce79  0Xf9f1  0Xc8c  0Xbc36  0X559f  0Xcc3a  0X0  0Xb589  0Xdcd0  0X3f57  0X7430  0X4fde  0X9e61  0X4204  0Xc62c  0X9a4c  0Xbc7c  0X29b1  0X3180  0X59b7  0X813  0Xdf  0X8fff  0X257a,,
01:00:00:37:54816,0,0,A?B,A,,8A08 -->R 08-A-B 08-C 08,,0X6d66,,No response in TX status
01:00:00:37:56586,0,0,A?B,A,,1A01 -->R 01-A-B 01-C 01,100,0Xb964  0X0  0X9909  0X9ea2  0Xc901  0X5a06  0Xbf35  0Xce4d  0X57c6  0Xc201  0Xfcd5  0Xc643  0X3af8  0Xf25c  0X0  0X0  0Xe99a  0Xeb1e  0X9b3f  0X0  0X9e61  0X4204  0X1bb  0X9181  0Xfa64  0X0  0X3180  0X0  0X814  0X96bc  0X8fff  0X4ca6,,
01:00:00:37:59102,0,0,A?B,A,,1A01 -->R 01-A-B 01-C 01,100,0Xd46d  0X0  0Xfc21  0Xd369  0Xcc9b  0X0  0X0  0X96b3  0Xa9f  0Xf76a  0X9b9b  0X1774  0X44d0  0X4f81  0X0  0Xb782  0X22aa  0X127d  0Xf00  0Xcfaa  0X9e61  0X4204  0Xd657  0X0  0Xee90  0Xe7bd  0X3180  0X0  0X815  0X623e  0X8fff  0X0,,
01:00:00:37:59812,0,0,A?B,A,12BC -->R 01-A-B 01-C 8,,,0X0  0X0  0X0  0X0  0X0  0X0  0X0  0X0  0X0  0X0  0X0  0X0  0X0  0X0  0X0  0X0  0X0  0X0  0X0  0X0  0X0  0X27ff  0X0  0X0  0X0  0X0  0X0  0X0  0X0  0X0  0X0  0X11bd,,No response in TX status
01:00:00:37:61582,0,0,A?B,A,,1A01 -->R 01-A-B 01-C 01,100,0X0  0X0  0X6ff6  0X56fd  0X27d9  0X78b4  0X573e  0X3663  0Xa333  0X225b  0X7c74  0Xab43  0X8314  0Xee96  0X0  0X0  0Xe802  0X1d23  0X44f9  0X0  0X9e61  0X4204  0X7a89  0X29cf  0Xf853  0Xa179  0X3180  0X9ad6  0X816  0X761  0X8fff  0X0,,
01:00:00:37:64082,0,0,A?B,A,,1A01 -->R 01-A-B 01-C 01,100,0X9234  0X7c6  0X12ba  0Xe549  0Xe51e  0X9909  0X0  0X93b8  0X3f2d  0X388c  0X4185  0X59a8  0X0  0Xd25e  0X6d9d  0X9b8c  0X50cb  0X432c  0Xac7d  0X6579  0X9e61  0X4204  0X7526  0X5c8e  0X53a6  0X7d6c  0X3180  0Xf914  0X817  0Xa896  0X8fff  0X0,,
01:00:00:37:64792,0,0,A?B,A,,2B02 -->R 02-A-B 02-C 02,,0Xf239,,No response in TX status
01:00:00:37:66584,0,0,A?B,A,,1A01 -->R 01-A-B 01-C 01,100,0X0  0X0  0X4f07  0X0  0Xc650  0X692  0X84b4  0X0  0X0  0Xdecf  0X0  0Xa2d2  0X73ed  0Xc17c  0X0  0X0  0X2565  0X3f99  0Xac68  0X0  0X9e61  0X4204  0Xe0ae  0X7842  0X1c0b  0Xabe0  0X3180  0Xc2a6  0X818  0Xb56  0X8fff  0Xce59,,
01:00:00:37:67294,0,0,A?B,A,,3C03 -->R 03-A-B 03-C 03,,0X7736,,No response in TX status
01:00:00:37:69088,0,0,A?B,A,,1A01 -->R 01-A-B 01-C 01,100,0Xfb97  0X8132  0X17da  0Xf017  0X9dff  0X0  0X16be  0X0  0Xd199  0X25b8  0Xd2f1  0X0  0Xcd8d  0Xac0  0Xf1c0  0Xb4d9  0Xdce2  0Xa501  0X2e54  0X5666  0X9e61  0X4204  0X0  0X489b  0X99a1  0X1ebd  0X3180  0X70c4  0X819  0Xcbc  0X8fff  0X42d4,,
01:00:00:37:69798,0,0,A?B,A,,4D04 -->R 04-A-B 04-C 04,a000,0Xdf  0X59ff  0X5aff  0X8795  0X7cf4  0Xcb2  0X0  0Xc79  0X634a  0X12c  0X12c  0X0  0X5b98  0X6f68  0Xdcca  0X0  0X0  0X36eb  0X0  0X0  0X120  0X5a76  0X4  0X0  0Xe496  0X0  0X806c  0X1  0Xce62  0Xcdf2  0Xaa0b  0Xd56,,
01:00:00:37:70508,0,0,A?B,A,,5D05 -->R 05-A-B 05-C 05,,0Xdf,,No response in TX status
01:00:00:37:71626,0,0,A?B,A,,1A01 -->R 01-A-B 01-C 01,100,0X227e  0X0  0X0  0Xba72  0X0  0X98fc  0X0  0X0  0Xc80f  0X9e00  0Xebbc  0Xfc64  0X4531  0Xb426  0Xaa92  0X0  0Xffe8  0Xfa05  0Xc7a1  0Xf84e  0X9e61  0X4204  0X0  0X2ca7  0X6d92  0X4ce0  0X3180  0X7ccc  0X81a  0X1e2e  0X8fff  0X5b29,,
01:00:00:37:72336,0,0,A?B,A,,9B01 -->R 09-A-B 09-C 01,100,0X7000  0X7a90  0X7a3d  0X0  0X0  0X93b1  0X6689  0X70d3  0X224c  0X61ce  0X2c62  0X0  0X827d  0Xd8a8  0X0  0Xfba2  0X8504  0X26fa  0Xd2b7  0X97b1  0X0  0X0  0Xa0e1  0X6521  0Xdfc  0Xffa4  0X55e3  0X4c12  0X6591  0Xb0aa  0X0  0Xbb7,,
01:00:00:37:73046,0,0,A?B,A,,7F07 -->R 07-A-B 07-C 07,,0X0,,No response in TX status
01:00:00:37:74106,0,0,A?B,A,,1A01 -->R 01-A-B 01-C 01,100,0X96a7  0X5998  0Xb2be  0Xfa43  0X5a4e  0X8738  0X0  0X8738  0X0  0X5fc9  0X0  0X22ef  0X0  0X261e  0Xbf25  0Xdc39  0X58bb  0Xbef5  0X209d  0X0  0X9e61  0X4204  0X3591  0Xf4fc  0Xe650  0X42b5  0X3180  0Xad97  0X81b  0Xc9  0X8fff  0X0,,
01:00:00:37:74816,0,0,A?B,A,,8A08 -->R 08-A-B 08-C 08,,0X0,,No response in TX status
01:00:00:37:76584,0,0,A?B,A,,1A01 -->R 01-A-B 01-C 01,100,0X9837  0Xfcc3  0X0  0X0  0Xcb58  0X0  0X200  0X0  0Xc5c  0X0  0X0  0X9741  0Xc49  0X0  0X55ac  0Xc5f2  0X4787  0X4cbb  0X0  0X8899  0X9e61  0X4204  0Xdef7  0X0  0Xcdf0  0X0  0X3180  0X40cc  0X81c  0Xd52  0X8fff  0Xc770,,
01:00:00:37:79102,0,0,A?B,A,,1A01 -->R 01-A-B 01-C 01,100,0X0  0Xf3b8  0Xd2b1  0X0  0X0  0X9eb0  0X7f29  0Xef5e  0X1dd1  0X4d81  0X0  0X0  0X1290  0X63bc  0X3321  0X0  0X30d3  0X0  0X3e64  0Xf915  0X9e61  0X4204  0X86b  0Xd453  0X9df7  0X5924  0X3180  0Xa51e  0X81d  0X5ab  0X8fff  0X35e6,,
01:00:00:37:79812,0,0,A?B,A,12BC -->R 01-A-B 01-C 8,,,0X0  0X0  0X0  0X0  0X0  0X0  0X0  0X0  0X0  0X0  0X0  0X0  0X0  0X0  0X0  0X0  0X0  0X0  0X0  0X0  0X0  0X27ff  0X0  0X0  0X0  0X0  0X0  0X0  0X0  0X0  0X0  0X11bd,,No response in TX status
01:00:00:37:81582,0,0,A?B,A,,1A01 -->R 01-A-B 01-C 01,100,0X5535  0X383b  0X0  0Xe2c3  0Xb80d  0Xd45a  0X6101  0X9490  0X4f6b  0Xb5e  0X91a5  0X0  0X69d3  0X6f93  0X7b7a  0Xb24a  0X0  0X0  0Xf77d  0X0  0X9e61  0X4204  0Xffce  0X0  0X5100  0X6436  0X3180  0X7c8  0X81e  0X711  0X8fff  0Xba4b,,
01:00:00:37:84082,0,0,A?B,A,,1A01 -->R 01-A-B 01-C 01,100,0X0  0X93cd  0X0  0Xb918  0X0  0X8899  0X9fa3  0X888a  0X0  0Xdb  0Xeb59  0X0  0X1881  0X1385  0Xe2e2  0Xed01  0Xb71a  0X7051  0X4c79  0Xd428  0X9e61  0X4204  0X2a74  0X1fb2  0X8cab  0X20db  0X3180  0Xb532  0X81f  0Xea09  0X8fff  0X0,,
01:00:00:37:84792,0,0,A?B,A,,2B02 -->R 02-A-B 02-C 02,,0X7ba5,,No response in TX status
01:00:00:37:86586,0,0,A?B,A,,1A01 -->R 01-A-B 01-C 01,100,0X6a54  0X4358  0Xd221  0X64aa  0X0  0X0  0Xb26a  0Xc033  0X642f  0Xa9e1  0Xe029  0X8860  0Xcecf  0X9cb4  0Xceea  0X7743  0Xad1c  0Xd6c8  0Xc18f  0Xeb0f  0X9e61  0X4204  0X0  0X9dde  0X376d  0X9bc7  0X3180  0X0  0X800  0X20ee  0X8fff  0Xdbe9,,
01:00:00:37:87296,0,0,A?B,A,,3C03 -->R 03-A-B 03-C 03,,0X447,,No response in TX status
01:00:00:37:89090,0,0,A?B,A,,1A01 -->R 01-A-B 01-C 01,100,0Xd808  0X90e6  0X9655  0X96d7  0X9dd0  0Xe675  0X9f5f  0X0  0X0  0X1e3f  0X192b  0Xd9d  0X266c  0X6652  0Xfca5  0Xc722  0X7214  0X0  0X0  0X0  0X9e61  0X4204  0Xc715  0X70fc  0Xae78  0X7014  0X3180  0X19f8  0X801  0X2013  0X8fff  0X5755,,
01:00:00:37:89800,0,0,A?B,A,,4D04 -->R 04-A-B 04-C 04,a000,0Xe0  0X59ff  0X5aff  0X89dc  0X87ff  0Xc84  0X0  0Xc78  0Xd0d1  0X12c  0X12c  0X290b  0Xc639  0X9dbe  0X8555  0X0  0Xbd0  0Xdc5a  0X0  0X3185  0X1b96  0X1173  0X4  0Xf729  0X0  0X2c81  0X0  0X1  0X4d18  0X9d6e  0Xaa0b  0Xf38a,,
01:00:00:37:90510,0,0,A?B,A,,5D05 -->R 05-A-B 05-C 05,,0Xe0,,No response in TX status
01:00:00:37:91626,0,0,A?B,A,,1A01 -->R 01-A-B 01-C 01,100,0X0  0Xabd9  0X0  0X9cd6  0X8106  0Xa43c  0X5598  0X63aa  0X38ef  0Xd28c  0X6924  0X7a04  0X8e0e  0X4b0d  0X0  0X621e  0X0  0Xc2b3  0X3458  0X1f5d  0X9e61  0X4204  0X2702  0Xd9ed  0X74f3  0X9e13  0X3180  0X9a44  0X802  0X2021  0X8fff  0X9ad5,,
01:00:00:37:92336,0,0,A?B,A,,6F06 -->R 06-A-B 06-C 06,100,0Xbd33  0X0  0X0  0Xe97c  0X8f0  0X2bb8  0X0  0X0  0Xe348  0X0  0X3575  0X0  0Xd3fd  0X8c8f  0X0  0X63fc  0Xdea0  0X5a8b  0Xc575  0Xde6d  0X3dff  0Xec71  0X8a24  0X374d  0X2d5  0X3458  0X0  0X16d4  0X21a0  0X403e  0X5879  0X805c,,
01:00:00:37:93046,0,0,A?B,A,,7F07 -->R 07-A-B 07-C 07,,0X0,,No response in TX status
01:00:00:37:94106,0,0,A?B,A,,1A01 -->R 01-A-B 01-C 01,100,0X4933  0X2bc5  0X9a55  0Xe74f  0X5a6  0X64f0  0X0  0X33fe  0X17bf  0Xa87  0Xcc13  0X0  0Xd86b  0X70c2  0X45b1  0X69ae  0X0  0X0  0Xa0a6  0X6d31  0X9e61  0X4204  0X24bc  0Xd6c1  0X4c95  0X56e9  0X3180  0X0  0X803  0X1bf  0X8fff  0X83c3,,
01:00:00:37:94816,0,0,A?B,A,,8A08 -->R 08-A-B 08-C 08,,0X0,,No response in TX status
01:00:00:37:96586,0,0,A?B,A,,1A01 -->R 01-A-B 01-C 01,100,0X0  0X4447  0Xbce4  0Xe2b4  0Xcf4f  0X1095  0X97f4  0X5b15  0X1e3e  0Xc581  0X6787  0X82d7  0Xd1b2  0X4d36  0X9e88  0X0  0X7efb  0X0  0X1dfc  0X7c91  0X9e61  0X4204  0Xb0e3  0Xed37  0X3f40  0X1a6b  0X3180  0X7e81  0X804  0X13f  0X8fff  0X0,,
01:00:00:37:99104,0,0,A?B,A,,1A01 -->R 01-A-B 01-C 01,100,0X0  0Xb6b5  0X0  0X8281  0Xf093  0X0  0Xb500  0Xac1d  0X0  0X5fc  0X0  0X4bda  0X0  0Xd032  0X9593  0X33a4  0X19ee  0X56a4  0Xbb9d  0X6d37  0X9e61  0X4204  0X5d0  0Xb577  0X0  0X5e4f  0X3180  0X3174  0X805  0X15b  0X8fff  0X2a1b,,
01:00:00:37:99814,0,0,A?B,A,12BC -->R 01-A-B 01-C 8,,,0X0  0X0  0X0  0X0  0X0  0X0  0X0  0X0  0X0  0X0  0X0  0X0  0X0  0X0  0X0  0X0  0X0  0X0  0X0  0X0  0X0  0X27ff  0X0  0X0  0X0  0X0  0X0  0X0  0X0  0X0  0X0  0X11bd,,No response in TX status
01:00:00:37:101582,0,0,A?B,A,,1A01 -->R 01-A-B 01-C 01,100,0X7cf4  0X936a  0X0  0Xb97e  0X0  0X9938  0X0  0X2998  0Xedf  0X5cdf  0X0  0X4f97  0Xe085  0X0  0X9cc1  0Xab54  0X0  0X0  0X27dd  0X685c  0X9e61  0X4204  0X66f  0X9ed5  0X8c0b  0Xd2b3  0X3180  0X2e6a  0X806  0X42ff  0X8fff  0X0,,
01:00:00:37:104082,0,0,A?B,A,,1A01 -->R 01-A-B 01-C 01,100,0X0  0X3180  0Xee94  0X9da  0Xba6a  0X9343  0Xd069  0X75e0  0X1f40  0Xf620  0X848d  0X0  0Xa5ab  0X0  0X15be  0X0  0X99e6  0Xb5fb  0X0  0X7f84  0X9e61  0X4204  0X0  0X8172  0X34b1  0X3f71  0X3180  0Xd712  0X807  0Xbd19  0X8fff  0X626a,,
01:00:00:37:104792,0,0,A?B,A,,2B02 -->R 02-A-B 02-C 02,,0Xce0b,,No response in TX status
01:00:00:37:106588,0,0,A?B,A,,1A01 -->R 01-A-B 01-C 01,100,0X0  0Xfb57  0X0  0X8a27  0X1ad9  0X5236  0X0  0X0  0X0  0X0  0X4bf9  0X0  0Xc23f  0Xa624  0X0  0X26c1  0Xc3aa  0X0  0X3f4d  0X0  0X9e61  0X4204  0X0  0X0  0X49e4  0X6310  0X3180  0X0  0X808  0X1e18  0X8fff  0Xb683,,
01:00:00:37:107298,0,0,A?B,A,,3C03 -->R 03-A-B 03-C 03,,0X7701,,No response in TX status
01:00:00:37:109088,0,0,A?B,A,,1A01 -->R 01-A-B 01-C 01,100,0Xe800  0X0  0X0  0Xe1b8  0Xda00  0X634a  0X73df  0X74  0X253f  0X807b  0X6cf4  0Xd414  0Xdfce  0X0  0X2e4e  0X7f70  0X2693  0X0  0X9781  0Xec00  0X9e61  0X4204  0Xd40d  0X6cb2  0Xec8a  0Xe519  0X3180  0X4b3c  0X809  0X1dc5  0X8fff  0X0,,
01:00:00:37:109798,0,0,A?B,A,,4D04 -->R 04-A-B 04-C 04,a000,0Xe1  0X59ff  0X5aff  0X89dc  0X87ff  0Xc84  0X263c  0Xc78  0X2bd6  0X12c  0X12c  0X7748  0Xe917  0Xdb57  0X6a16  0Xc26a  0X0  0Xd7a2  0X0  0X0  0X0  0Xea1e  0X4  0X0  0X9f88  0X1a61  0X0  0X1  0X7ac5  0X0  0Xaa0b  0X0,,
01:00:00:37:110508,0,0,A?B,A,,5D05 -->R 05-A-B 05-C 05,,0Xe1,,No response in TX status
01:00:00:37:111626,0,0,A?B,A,,1A01 -->R 01-A-B 01-C 01,100,0Xee2a  0Xb22c  0X0  0Xa140  0Xa14e  0Xbf92  0X6ad7  0Xf3d0  0X0  0X0  0Xe1e1  0Xfaf3  0X0  0X37c4  0Xbcbc  0Xdb91  0Xfa4f  0Xd577  0X3f7c  0Xa1b4  0X9e61  0X4204  0X8ca0  0X2f67  0X5237  0X2555  0X3180  0X22d5  0X80a  0X1e61  0X8fff  0X0,,
01:00:00:37:112336,0,0,A?B,A,,10A1 -->R 01-A-B 01-C 01,100,0X88ec  0Xef0c  0X0  0X9de7  0X9c7a  0Xe351  0X0  0X1b31  0X0  0X0  0X1da4  0X7857  0X1a4f  0Xf351  0X0  0X97de  0X54d1  0Xbb22  0X8ab4  0Xc0f  0X1178  0X2263  0X0  0X0  0X369e  0X5f02  0X8c03  0X0  0X3ae8  0Xc9  0X0  0X0,,
01:00:00:37:113046,0,0,A?B,A,,7F07 -->R 07-A-B 07-C 07,,0Xa071,,No response in TX status
01:00:00:37:114106,0,0,A?B,A,,1A01 -->R 01-A-B 01-C 01,100,0Xcf9d  0X4a75  0Xbe12  0Xb012  0X0  0X0  0Xc7cd  0X7537  0Xa279  0X0  0X9afe  0X6d30  0X0  0X0  0Xba89  0X0  0X838d  0X5ff0  0X0  0X8fb6  0X9e61  0X4204  0Xdf5c  0Xa306  0X2c29  0X0  0X3180  0Xb0b3  0X80b  0X5fcd  0X8fff  0Xe294,,
01:00:00:37:114816,0,0,A?B,A,,8A08 -->R 08-A-B 08-C 08,,0Xa742,,No response in TX status
01:00:00:37:116586,0,0,A?B,A,,1A01 -->R 01-A-B 01-C 01,100,0X330a  0Xe3cc  0X5c1b  0X0  0Xd448  0X0  0X0  0Xbd94  0X917a  0Xb6ea  0X1dea  0X9b2c  0X1cb9  0X105  0X0  0Xcb85  0Xf823  0X0  0X81c2  0Xcb77  0X9e61  0X4204  0X286e  0X53d8  0X630  0Xfbdf  0X3180  0Xe808  0X80c  0Xa091  0X8fff  0Xd62e,,
01:00:00:37:119104,0,0,A?B,A,,1A01 -->R 01-A-B 01-C 01,100,0X0  0X1831  0Xfeb5  0X0  0X4801  0Xc5d6  0X0  0X0  0Xc876  0Xa978  0X616d  0X6bbd  0Xd7f7  0Xe931  0Xe14f  0X2884  0Xd719  0Xfb8c  0X0  0X3eca  0X9e61  0X4204  0Xa4b1  0Xb2c8  0X81db  0X573e  0X3180  0X6d24  0X80d  0X294e  0X8fff  0X0,,
01:00:00:37:119814,0,0,A?B,A,12BC -->R 01-A-B 01-C 8,,,0X0  0X0  0X0  0X0  0X0  0X0  0X0  0X0  0X0  0X0  0X0  0X0  0X0  0X0  0X0  0X0  0X0  0X0  0X0  0X0  0X0  0X27ff  0X0  0X0  0X0  0X0  0X0  0X0  0X0  0X0  0X0  0X11bd,,No response in TX status
01:00:00:37:121582,0,0,A?B,A,,1A01 -->R 01-A-B 01-C 01,100,0X0  0X6b27  0Xe2dc  0X34d4  0X0  0X70ea  0X4c34  0Xf9f8  0X95b6  0X8db4  0X0  0Xee74  0Xf777  0X33ee  0Xc0bc  0X3c64  0X0  0X69c2  0X7ed2  0X684d  0X9e61  0X4204  0X0  0Xe587  0X0  0X40f0  0X3180  0Xfce2  0X80e  0X2c78  0X8fff  0X3010,,
01:00:00:37:124082,0,0,A?B,A,,1A01 -->R 01-A-B 01-C 01,100,0X67d4  0X89ac  0X0  0X0  0X6422  0X83f9  0X451f  0Xe669  0X0  0X0  0Xe9cf  0X19ed  0X677b  0X0  0X9785  0Xf5d1  0Xd08f  0X0  0X0  0X2e23  0X9e61  0X4204  0X6823  0X69bd  0X42cd  0Xd2ec  0X3180  0X0  0X80f  0X341e  0X8fff  0X4910,,
01:00:00:37:124792,0,0,A?B,A,,2B02 -->R 02-A-B 02-C 02,,0Xf22f,,No response in TX status
01:00:00:37:126586,0,0,A?B,A,,1A01 -->R 01-A-B 01-C 01,100,0X882e  0X0  0Xe1c9  0Xbf97  0X1784  0X0  0X1bf1  0X0  0X0  0X5a7e  0Xb6da  0Xbaa7  0X4962  0X3e38  0X0  0Xdb63  0X19ca  0X7e89  0X1293  0X0  0X9e61  0X4204  0X93a0  0Xca41  0X0  0X0  0X3180  0X0  0X810  0X1798  0X8fff  0X0,,
01:00:00:37:127296,0,0,A?B,A,,3C03 -->R 03-A-B 03-C 03,,0Xeb6a,,No response in TX status
01:00:00:37:129088,0,0,A?B,A,,1A01 -->R 01-A-B 01-C 01,100,0X37d7  0X9c62  0X0  0X0  0Xf12c  0X78ca  0X0  0X5307  0Xb0e0  0Xd69d  0X0  0X0  0Xedd9  0X0  0X91f6  0X58f2  0X0  0Xc706  0X0  0X0  0X9e61  0X4204  0X7027  0X6fb1  0X0  0Xd0a1  0X3180  0X1e4e  0X811  0X3f0f  0X8fff  0X8f2a,,
01:00:00:37:129798,0,0,A?B,A,,4D04 -->R 04-A-B 04-C 04,a000,0Xe2  0X59ff  0X5aff  0X78d2  0X79a5  0Xc27  0Xd22d  0Xc76  0X8cad  0X12c  0X12c  0Xd79c  0X0  0X54f6  0X0  0X0  0X0  0X4b7e  0X57aa  0X41f9  0X6bac  0X0  0X4  0X846e  0X0  0X0  0X0  0X1  0Xef63  0Xae25  0Xaa0b  0X0,,
01:00:00:37:130508,0,0,A?B,A,,5D05 -->R 05-A-B 05-C 05,,0Xe2,,No response in TX status
01:00:00:37:131626,0,0,A?B,A,,1A01 -->R 01-A-B 01-C 01,100,0Xd5f4  0Xb25a  0X4eb1  0Xdf27  0Xf19b  0Xa304  0X657a  0Xfb22  0X98fd  0X35cc  0X696d  0Xfb9b  0Xa17c  0X0  0Xf690  0X4791  0X0  0X0  0X6042  0Xc629  0X9e61  0X4204  0Xb8ae  0X2ab5  0Xa69c  0X553c  0X3180  0Xff17  0X812  0X2092  0X8fff  0X2932,,
01:00:00:37:132336,0,0,A?B,A,,6F06 -->R 06-A-B 06-C 06,100,0X1c20  0X0  0X0  0X4099  0Xb17e  0Xd6f3  0X0  0Xf53e  0X3502  0Xc224  0X0  0X0  0X0  0Xdc1b  0X5bc2  0Xb154  0Xda43  0X0  0X1cbb  0X0  0X4e89  0Xa190  0X0  0X3e6f  0X2640  0X5558  0Xdfef  0X9a56  0X7e91  0Xc9e6  0X22af  0X0,,
01:00:00:37:133046,0,0,A?B,A,,7F07 -->R 07-A-B 07-C 07,,0Xc3be,,No response in TX status
01:00:00:37:134106,0,0,A?B,A,,1A01 -->R 01-A-B 01-C 01,100,0X0  0Xac05  0Xc419  0Xd664  0Xb96b  0Xc743  0Xcd08  0X0  0X287e  0X2c61  0X80e3  0Xda07  0X9af1  0X0  0X0  0X0  0Xe84f  0X7fe  0X0  0Xce13  0X9e61  0X4204  0Xedaf  0X8269  0Xe9fd  0X7e29  0X3180  0Xaacb  0X813  0Xdf  0X8fff  0X0,,
01:00:00:37:134816,0,0,A?B,A,,8A08 -->R 08-A-B 08-C 08,,0X1be1,,No response in TX status
01:00:00:37:136584,0,0,A?B,A,,1A01 -->R 01-A-B 01-C 01,100,0X1f44  0X38f9  0X0  0Xed50  0Xb5a5  0Xe98e  0Xba86  0X5c9b  0X7dc3  0Xe2d0  0Xd11f  0X77fe  0Xb2bd  0X0  0Xf888  0Xaa30  0X3d37  0X0  0X0  0X85b  0X9e61  0X4204  0X0  0Xcbab  0X0  0X0  0X3180  0X0  0X814  0X0  0X8fff  0X0,,
01:00:00:37:139104,0,0,A?B,A,,1A01 -->R 01-A-B 01-C 01,100,0Xc923  0X2b8a  0X246d  0Xb992  0X8e9c  0X0  0X53c7  0X0  0Xfbf  0Xf3e9  0Xabe0  0X70c3  0Xd77  0X2c7c  0X0  0X740e  0X81c8  0X73ac  0X5627  0X0  0X9e61  0X4204  0X0  0Xb878  0Xdac1  0X17d2  0X3180  0Xed1b  0X815  0Xe8f4  0X8fff  0X0,,
01:00:00:37:139814,0,0,A?B,A,12BC -->R 01-A-B 01-C 8,,,0X0  0X0  0X0  0X0  0X0  0X0  0X0  0X0  0X0  0X0  0X0  0X0  0X0  0X0  0X0  0X0  0X0  0X0  0X0  0X0  0X0  0X27ff  0X0  0X0  0X0  0X0  0X0  0X0  0X0  0X0  0X0  0X11bd,,No response in TX status
01:00:00:37:141582,0,0,A?B,A,,1A01 -->R 01-A-B 01-C 01,100,0Xf601  0Xcd0b  0X8e16  0X428f  0Xda  0X5755  0Xcfdc  0Xd19e  0X699d  0Xadff  0X1aa3  0X2d56  0X2f03  0Xdfd3  0X0  0X69e4  0X5d4  0X5033  0X0  0X0  0X9e61  0X4204  0X0  0X862c  0Xac1f  0Xb2b0  0X3180  0X11f5  0X816  0Xa4  0X8fff  0Xd95b,,
01:00:00:37:144082,0,0,A?B,A,,1A01 -->R 01-A-B 01-C 01,100,0X1c6b  0X6831  0X7e4e  0X0  0X0  0X0  0X1408  0X5a03  0X33f5  0X818a  0X0  0X0  0X6072  0Xb11f  0X0  0X250f  0X43c8  0Xf28b  0X889f  0X0  0X9e61  0X4204  0X724e  0X0  0Xad25  0X0  0X3180  0X77bc  0X817  0X51d6  0X8fff  0Xc00,,
01:00:00:37:144792,0,0,A?B,A,,2B02 -->R 02-A-B 02-C 02,,0X1f49,,No response in TX status
01:00:00:37:146586,0,0,A?B,A,,1A01 -->R 01-A-B 01-C 01,100,0X0  0X7616  0Xee65  0X3f4d  0X0  0X722  0Xa5db  0X86cd  0X53f8  0X4596  0X57d3  0X5415  0Xb640  0X84b1  0Xbb1b  0Xb1b0  0X5ebd  0X1812  0Xaeea  0Xcae0  0X9e61  0X4204  0X9bb9  0X32ed  0Xab2b  0X0  0X3180  0X0  0X818  0Xbc4e  0X8fff  0X0,,
01:00:00:37:147296,0,0,A?B,A,,3C03 -->R 03-A-B 03-C 03,,0Xae2f,,No response in TX status
01:00:00:37:149092,0,0,A?B,A,,1A01 -->R 01-A-B 01-C 01,100,0X8925  0X2354  0Xd6e8  0X6ec6  0X0  0X3b53  0X9c6e  0Xace5  0X9b7d  0X7a7b  0X99e5  0X0  0X81d9  0Xaab2  0X1783  0Xe35c  0X0  0X5ab3  0X0  0X847f  0X9e61  0X4204  0X0  0Xa7f2  0X4606  0X3831  0X3180  0X3a5e  0X819  0Xcbc  0X8fff  0X0,,
01:00:00:37:149802,0,0,A?B,A,,4D04 -->R 04-A-B 04-C 04,a000,0Xe3  0X59ff  0X5aff  0X78d2  0X79a5  0Xc27  0Xa00e  0Xc76  0X0  0X12c  0X12c  0X510b  0X9157  0X1536  0X31a0  0X444e  0X0  0Xa3a8  0Xb05a  0X8501  0Xbf04  0X24e3  0X4  0X301f  0Xa6e1  0X0  0X932f  0X1  0X8bbd  0Xb481  0Xaa0b  0X0,,
01:00:00:37:150512,0,0,A?B,A,,5D05 -->R 05-A-B 05-C 05,,0Xe3,,No response in TX status
01:00:00:37:151626,0,0,A?B,A,,1A01 -->R 01-A-B 01-C 01,100,0Xf8f1  0X21b7  0X0  0Xd1e7  0X1cd9  0Xb71d  0X0  0Xe58b  0Xf8a0  0X82ac  0Xe00d  0Xdba4  0X0  0Xe204  0X2cb9  0X27e3  0Xbed5  0X0  0X7a0c  0X901c  0X9e61  0X4204  0X0  0X0  0X7379  0Xdf50  0X3180  0X9738  0X81a  0Xcdbf  0X8fff  0X0,,
01:00:00:37:152336,0,0,A?B,A,,9B01 -->R 09-A-B 09-C 01,100,0X70ed  0X0  0Xf7cf  0Xd6dd  0Xe9ee  0Xb497  0Xa8a3  0X536e  0X11ad  0X0  0X0  0Xc282  0X208a  0X5853  0X0  0X0  0X0  0Xecfc  0X20f2  0X4bab  0X2be5  0X2f6b  0X803d  0X75a4  0X9a5e  0Xfd8b  0X0  0X0  0X7de7  0X0  0X5b3e  0X3b27,,
01:00:00:37:153046,0,0,A?B,A,,7F07 -->R 07-A-B 07-C 07,,0Xfd90,,No response in TX status
01:00:00:37:154108,0,0,A?B,A,,1A01 -->R 01-A-B 01-C 01,100,0X9d82  0X0  0X0  0X38ab  0X36f2  0Xa283  0X0  0X9d3a  0Xd84  0X0  0X8f53  0X587e  0Xda60  0X2000  0X0  0X7749  0X85a4  0X50a9  0Xed95  0X0  0X9e61  0X4204  0Xe38d  0X0  0X728a  0X0  0X3180  0Xb218  0X81b  0Xc9  0X8fff  0X0,,
01:00:00:37:154818,0,0,A?B,A,,8A08 -->R 08-A-B 08-C 08,,0X9226,,No response in TX status
01:00:00:37:156586,0,0,A?B,A,,1A01 -->R 01-A-B 01-C 01,100,0X42c1  0X4a1b  0X8150  0X0  0X158a  0X3426  0Xf461  0X77e2  0X40d2  0X5b79  0X5db  0Xc10d  0X0  0X2c0c  0X32d6  0Xbf6e  0Xa53  0X4b42  0X610b  0X6168  0X9e61  0X4204  0Xa23e  0X3c32  0X57f5  0X3158  0X3180  0X4a5a  0X81c  0Xd52  0X8fff  0X6e3c,,
01:00:00:37:159108,0,0,A?B,A,,1A01 -->R 01-A-B 01-C 01,100,0X3af2  0X72ef  0X0  0X0  0X8d4d  0X1e2d  0X72cb  0X31fb  0X0  0X719  0Xa1c9  0Xc1e6  0Xcd33  0X0  0X0  0X9d4b  0Xc92a  0X6c3a  0Xa103  0Xe131  0X9e61  0X4204  0X0  0X0  0Xdc3d  0Xb44c  0X3180  0Xd3dd  0X81d  0X5ab  0X8fff  0X813b,,
01:00:00:37:159818,0,0,A?B,A,12BC -->R 01-A-B 01-C 8,,,0X0  0X0  0X0  0X0  0X0  0X0  0X0  0X0  0X0  0X0  0X0  0X0  0X0  0X0  0X0  0X0  0X0  0X0  0X0  0X0  0X0  0X27ff  0X0  0X0  0X0  0X0  0X0  0X0  0X0  0X0  0X0  0X11bd,,No response in TX status
01:00:00:37:161582,0,0,A?B,A,,1A01 -->R 01-A-B 01-C 01,100,0X4b4b  0X874  0X0  0X5b11  0X53d7  0X534a  0Xf538  0X1ca2  0X0  0X3a5a  0X0  0X0  0X389a  0Xaaaf  0X1c4d  0X5abe  0X0  0Xd048  0X0  0X6062  0X9e61  0X4204  0Xe1e7  0X6f38  0X0  0X3dc0  0X3180  0X81c8  0X81e  0X711  0X8fff  0X0,,
01:00:00:37:164082,0,0,A?B,A,,1A01 -->R 01-A-B 01-C 01,100,0X2412  0Xa288  0Xa884  0X0  0Xa0a6  0Xa23e  0X8b7a  0Xa311  0X955f  0X7d24  0Xb598  0X8d51  0X0  0X8502  0X257c  0Xaaf5  0X8aa2  0X7a3b  0X0  0Xe223  0X9e61  0X4204  0Xea65  0X0  0X0  0X2888  0X3180  0Xe8c3  0X81f  0Xea09  0X8fff  0X6599,,
01:00:00:37:164792,0,0,A?B,A,,2B02 -->R 02-A-B 02-C 02,,0X0,,No response in TX status
01:00:00:37:166586,0,0,A?B,A,,1A01 -->R 01-A-B 01-C 01,100,0X86fc  0Xe927  0X9120  0X31ad  0Xbe88  0X4124  0X820a  0X38ec  0X1d77  0X9350  0X9a95  0X0  0X4224  0Xb649  0Xe2b3  0X8fd8  0Xcbd9  0X0  0X9b48  0X0  0Xa11c  0X4204  0X6b01  0X6af  0X0  0X1050  0X3180  0X5231  0X800  0X20f0  0X8fff  0Xe474,,
01:00:00:37:167296,0,0,A?B,A,,3C03 -->R 03-A-B 03-C 03,,0X0,,No response in TX status
01:00:00:37:169090,0,0,A?B,A,,1A01 -->R 01-A-B 01-C 01,100,0X6a2e  0X3622  0X0  0Xa9d9  0Xa92d  0X1a25  0Xf2e2  0X0  0Xe97  0Xf852  0X0  0Xac56  0X7d8c  0X818f  0Xa30e  0Xcd75  0X7354  0Xf152  0X7533  0X489f  0Xa3d7  0X4204  0Xecab  0Xe33a  0Xb361  0Xb977  0X3180  0X0  0X801  0X2015  0X8fff  0Xcdfc,,
01:00:00:37:169800,0,0,A?B,A,,4D04 -->R 04-A-B 04-C 04,a000,0Xe4  0X59ff  0X5aff  0X8881  0X8592  0Xc4b  0X31d4  0Xc69  0X0  0X12c  0X12c  0Xacb  0X0  0X0  0Xa647  0Xe421  0X28f  0X2007  0X0  0X0  0X33a9  0X0  0X4  0X94d1  0X616f  0X27ab  0X0  0X1  0X390a  0X8f28  0Xaa0b  0X0,,
01:00:00:37:170510,0,0,A?B,A,,5D05 -->R 05-A-B 05-C 05,,0Xe4,,No response in TX status
01:00:00:37:172424,0,0,A?B,A,,1A01 -->R 01-A-B 01-C 01,100,0Xfdf0  0X4a9a  0X94a  0X57fe  0X0  0X0  0Xead3  0Xbd10  0Xbcfe  0Xdc17  0Xca80  0X203e  0Xac03  0X60bc  0X0  0X1457  0X2012  0X0  0Xf5cf  0X1813  0Xa693  0X4204  0X2bb  0X9f09  0X0  0Xe5b0  0X3180  0Xb73a  0X802  0X2023  0X8fff  0Xbc9f,,
01:00:00:37:173134,0,0,A?B,A,,6F06 -->R 06-A-B 06-C 06,100,0X1d77  0Xa7bb  0X853e  0X7552  0X5f4a  0X4a79  0X6929  0X6300  0X9d0d  0X0  0X0  0Xa048  0Xd8d2  0X3e46  0Xeb3a  0X2e2a  0X4507  0X7a90  0X656a  0Xbd1c  0X2f  0X0  0X3522  0X2f31  0X0  0X4a94  0X28ca  0X6528  0Xa1fb  0Xb9d3  0X7ff0  0X0,,
01:00:00:37:173844,0,0,A?B,A,,7F07 -->R 07-A-B 07-C 07,,0X7256,,No response in TX status
01:00:00:37:174904,0,0,A?B,A,,1A01 -->R 01-A-B 01-C 01,100,0X0  0X0  0X1ddd  0X4fd1  0Xe4d3  0X85cd  0X658  0X8009  0X7919  0X0  0X8081  0X16ab  0X23f6  0Xea29  0X62b5  0X0  0X4fe6  0X0  0X5cb4  0Xa7bc  0Xa693  0X4204  0X6d63  0Xbac7  0X0  0Xb42c  0X3180  0X0  0X803  0X1bf  0X8fff  0X0,,
01:00:00:37:175614,0,0,A?B,A,,8A08 -->R 08-A-B 08-C 08,,0X406e,,No response in TX status
01:00:00:37:177382,0,0,A?B,A,,1A01 -->R 01-A-B 01-C 01,100,0Xbe3f  0X8353  0X0  0Xda01  0X7a5  0X73af  0X3636  0Xc2a8  0Xc38b  0X0  0X8b5d  0Xf68a  0Xe519  0X2b5e  0X179a  0Xc0e3  0X0  0X7c0f  0X7e7c  0X822  0Xa693  0X4204  0X651c  0Xda56  0X0  0X73ca  0X3180  0Xfb15  0X804  0X13f  0X8fff  0X5819,,
01:00:00:37:179900,0,0,A?B,A,,1A01 -->R 01-A-B 01-C 01,100,0X0  0X2007  0X8983  0X846c  0X5a6c  0X5730  0X1510  0X1b6b  0X8f35  0Xb813  0X4da7  0Xabeb  0X0  0X0  0Xa141  0X0  0X0  0Xa7a5  0X3216  0Xb744  0Xa693  0X4204  0X4ca9  0X0  0Xbff2  0X5058  0X3180  0X7d67  0X805  0X15b  0X8fff  0X0,,
01:00:00:37:180610,0,0,A?B,A,12BC -->R 01-A-B 01-C 8,,,0X0  0X0  0X0  0X0  0X0  0X0  0X0  0X0  0X0  0X0  0X0  0X0  0X0  0X0  0X0  0X0  0X0  0X0  0X0  0X0  0X0  0X27ff  0X0  0X0  0X0  0X0  0X0  0X0  0X0  0X0  0X0  0X11bd,,No response in TX status
01:00:00:37:182380,0,0,A?B,A,,1A01 -->R 01-A-B 01-C 01,100,0X402c  0X90b5  0Xc371  0Xf183  0X0  0X6311  0X5b5a  0X5d73  0Xb3a6  0X0  0X74af  0X0  0Xd808  0X35ee  0Xe013  0X8b8f  0Xeb61  0Xc62c  0X44a2  0X0  0Xa693  0X4204  0X816b  0Xd370  0X6047  0X7ea0  0X3180  0Xba20  0X806  0X42ff  0X8fff  0Xe22e,,
01:00:00:37:184880,0,0,A?B,A,,1A01 -->R 01-A-B 01-C 01,100,0X0  0X460a  0X0  0Xda5c  0X8a62  0X0  0X0  0X16e0  0Xbdd6  0X7d37  0Xb883  0X944d  0Xf49d  0Xcbdd  0X4517  0X0  0Xdc02  0Xa481  0X223b  0X7759  0Xa693  0X4204  0X0  0X0  0Xa7b  0X7ec2  0X3180  0Xc7d5  0X807  0Xbd19  0X8fff  0X3cbc,,
01:00:00:37:185590,0,0,A?B,A,,2B02 -->R 02-A-B 02-C 02,,0X2775,,No response in TX status
01:00:00:37:187384,0,0,A?B,A,,1A01 -->R 01-A-B 01-C 01,100,0Xe44b  0Xf9dd  0X5ade  0X7dae  0X133a  0X659f  0X4c49  0X45c2  0X0  0Xf918  0Xd502  0X3c89  0X60f7  0Xa890  0X79d2  0X7659  0X49ec  0Xe474  0X4421  0X0  0Xa693  0X4204  0Xdfe9  0X1d5e  0Xefa8  0X2065  0X3180  0X60cf  0X808  0X1e18  0X8fff  0X5cec,,
01:00:00:37:188094,0,0,A?B,A,,3C03 -->R 03-A-B 03-C 03,,0X97b5,,No response in TX status
01:00:00:37:189888,0,0,A?B,A,,1A01 -->R 01-A-B 01-C 01,100,0X7950  0X0  0Xd5a3  0X0  0Xbb8f  0X3a4a  0X0  0X0  0X0  0X3191  0X0  0X9047  0Xe894  0X0  0Xc87  0X73c7  0Xb935  0X4c3  0X1d80  0X437d  0Xa693  0X4204  0X0  0Xef8c  0X0  0X0  0X3180  0X0  0X809  0X1dc5  0X8fff  0Xc488,,
01:00:00:37:190598,0,0,A?B,A,,4D04 -->R 04-A-B 04-C 04,a000,0Xe5  0X59ff  0X5aff  0X8881  0X8592  0Xc4b  0X1a5e  0Xc69  0X0  0X12c  0X12c  0X0  0Xce  0X0  0Xe84  0Xbb2d  0X0  0X5548  0X3339  0X0  0X5912  0X8fca  0X4  0Xd17e  0X0  0X136c  0Xac7f  0X1  0X5345  0X0  0Xaa0b  0X2d1a,,
01:00:00:37:191308,0,0,A?B,A,,5D05 -->R 05-A-B 05-C 05,,0Xe5,,No response in TX status
01:00:00:37:192424,0,0,A?B,A,,1A01 -->R 01-A-B 01-C 01,100,0Xfee0  0X3d17  0X0  0Xefc9  0X0  0Xe5d2  0X824c  0X4acb  0X92cd  0Xc1d0  0X0  0Xb511  0Xb2f1  0X0  0X971f  0X5f39  0X0  0X0  0X0  0Xc36c  0Xa693  0X4204  0X999e  0X3134  0Xf9c8  0X3f82  0X3180  0Xa4d1  0X80a  0X1e61  0X8fff  0Xc157,,
01:00:00:37:193134,0,0,A?B,A,,10A1 -->R 01-A-B 01-C 01,100,0X83da  0X4130  0X8def  0X0  0X177f  0X7de7  0X0  0X9b52  0X0  0Xf31c  0X0  0X0  0X527a  0X4135  0X20fc  0Xfcc0  0X33aa  0X30eb  0X0  0X49c8  0Xb49  0X0  0X0  0X0  0X7d2c  0X5ae1  0X16  0X5854  0X8cc3  0X3961  0Xeb39  0X69ec,,
01:00:00:37:193844,0,0,A?B,A,,7F07 -->R 07-A-B 07-C 07,,0Xba73,,No response in TX status
01:00:00:37:194906,0,0,A?B,A,,1A01 -->R 01-A-B 01-C 01,100,0X0  0X9646  0X0  0Xf37  0X16b9  0X0  0Xb149  0Xe652  0X0  0Xa5fc  0X7999  0Xd132  0Xf524  0X31c4  0X3d80  0X6240  0Xb3b5  0X0  0X94e9  0X893c  0Xa693  0X4204  0X836a  0X27f2  0X3a5f  0X94a0  0X3180  0X6a25  0X80b  0X5fce  0X8fff  0X0,,
01:00:00:37:195616,0,0,A?B,A,,8A08 -->R 08-A-B 08-C 08,,0X0,,No response in TX status
01:00:00:37:197382,0,0,A?B,A,,1A01 -->R 01-A-B 01-C 01,100,0X0  0X0  0Xb23e  0Xcb5d  0Xd1bd  0X5078  0X459f  0Xb850  0Xfd1f  0X88c0  0Xdf98  0X9409  0X0  0Xfaa3  0X8357  0X0  0X8386  0Xa6d8  0Xefeb  0Xbc2f  0Xa693  0X4204  0X0  0X0  0X786f  0Xc263  0X3180  0X0  0X80c  0Xa092  0X8fff  0X4c69,,
01:00:00:37:199902,0,0,A?B,A,,1A01 -->R 01-A-B 01-C 01,100,0X1c8f  0X5937  0Xfb43  0X0  0X0  0Xede4  0Xdb34  0X9a66  0Xd4f3  0X0  0Xc8f6  0Xeaa  0X2f7b  0Xe8d2  0X0  0Xcc84  0X3a82  0Xfe08  0Xa812  0X0  0Xa693  0X4204  0X0  0X0  0Xa418  0Xdf11  0X3180  0X0  0X80d  0X294e  0X8fff  0Xe577,,
01:00:00:37:200612,0,0,A?B,A,12BC -->R 01-A-B 01-C 8,,,0X0  0X0  0X0  0X0  0X0  0X0  0X0  0X0  0X0  0X0  0X0  0X0  0X0  0X0  0X0  0X0  0X0  0X0  0X0  0X0  0X0  0X27ff  0X0  0X0  0X0  0X0  0X0  0X0  0X0  0X0  0X0  0X11bd,,No response in TX status
01:00:00:37:202378,0,0,A?B,A,,1A01 -->R 01-A-B 01-C 01,100,0X626b  0X0  0Xd0bf  0Xfa32  0X12e8  0X73dd  0Xeacb  0Xd104  0X0  0X9d04  0X2a8c  0X434  0X63a7  0Xaaab  0X28f1  0X5e78  0Xd3fd  0Xf332  0X9384  0X7971  0Xa693  0X4204  0Xf01e  0X8ad2  0X4708  0X8237  0X3180  0X4f24  0X80e  0X2c78  0X8fff  0X55aa,,
01:00:00:37:204890,0,0,A?B,A,,1A01 -->R 01-A-B 01-C 01,100,0Xfc18  0X9aeb  0X56df  0X0  0Xd211  0Xdee1  0X0  0X0  0Xccce  0X3409  0X31ab  0X3796  0X7b16  0X17c0  0X0  0X0  0X29b4  0Xfa92  0X0  0Xddf  0Xa693  0X4204  0X0  0X0  0X0  0X0  0X3180  0X807f  0X80f  0X341e  0X8fff  0X53e6,,
01:00:00:37:205600,0,0,A?B,A,,2B02 -->R 02-A-B 02-C 02,,0X7b32,,No response in TX status
